,time_taken,time_taken,cost,path_length
,mean,sum,mean,mean
algorithm,,,,
A*,0.0010208713623785204,15.823506116867065,1066.6822138637258,13.581803859787318
BDS,0.00044661065070859845,6.922465085983276,1152.7892881903413,12.531080122902386
BHDS,0.0007187001628260459,11.139852523803711,1065.258174899551,13.601276294020327
IDS,0.717638053401824,11123.389827728271,1160.9376093737692,12.50059078377314
